{"meta": {"format": 3, "version": "7.10.6", "timestamp": "2025-12-17T11:03:25.215368", "branch_coverage": false, "show_contexts": false}, "files": {"src/lock_file_coordinator.py": {"executed_lines": [1, 33, 34, 35, 36, 37, 38, 39, 40, 41, 42, 43, 44, 47, 48, 49, 50, 51, 54, 55, 58, 59, 60, 61, 62, 63, 64, 67, 68, 69, 70, 71, 72, 73, 74, 75, 76, 77, 78, 79, 82, 83, 84, 85, 86, 87, 88, 90, 92, 95, 96, 114, 127, 128, 129, 130, 131, 132, 134, 155, 156, 157, 159, 161, 162, 165, 168, 169, 170, 171, 173, 176, 177, 178, 181, 191, 194, 195, 196, 204, 205, 206, 209, 211, 213, 214, 215, 216, 217, 218, 219, 220, 222, 233, 236, 237, 240, 245, 246, 248, 254, 255, 256, 257, 263, 264, 265, 266, 274, 276, 282, 288, 298, 307, 313, 314, 315, 316, 317, 324, 325, 326, 327, 332, 333, 339, 348, 349, 350, 352, 353, 354, 355, 360, 361, 362, 363, 365, 367, 377, 378, 380, 381, 382, 383, 386, 387, 388, 390, 391, 393, 396, 397, 398, 400, 402, 403, 404, 405, 406, 407, 408, 410, 411, 412, 414, 415, 417, 423, 424, 426, 427, 428, 430, 431, 432, 433, 434, 436, 437, 438, 439, 440, 442, 444, 446, 447, 449, 451, 453, 464, 467, 470, 476, 477, 478, 479, 481, 482, 483, 484, 485, 487, 489, 495, 502, 511, 512, 513, 514, 515, 517, 532, 533, 536, 537, 538, 539, 540, 545, 547, 549, 551, 552, 553, 556, 558, 560, 561, 564, 566, 569, 574, 579, 584, 590, 596, 599, 600, 603, 604, 606, 607, 609, 612, 617, 628, 630, 631, 632, 633, 634, 639, 640, 641, 643, 644, 645, 647, 650, 651], "summary": {"covered_lines": 256, "num_statements": 261, "percent_covered": 98.08429118773947, "percent_covered_display": "98", "missing_lines": 5, "excluded_lines": 1}, "missing_lines": [272, 610, 635, 636, 637], "excluded_lines": [96], "functions": {"_AcquireContext.elapsed": {"executed_lines": [92], "summary": {"covered_lines": 1, "num_statements": 1, "percent_covered": 100.0, "percent_covered_display": "100", "missing_lines": 0, "excluded_lines": 0}, "missing_lines": [], "excluded_lines": []}, "GitCommitLock.__init__": {"executed_lines": [127, 128, 129, 130, 131, 132], "summary": {"covered_lines": 6, "num_statements": 6, "percent_covered": 100.0, "percent_covered_display": "100", "missing_lines": 0, "excluded_lines": 0}, "missing_lines": [], "excluded_lines": []}, "GitCommitLock.acquire": {"executed_lines": [155, 156, 157, 159, 161, 162, 165, 168, 169, 170, 171, 173, 176, 177, 178], "summary": {"covered_lines": 15, "num_statements": 15, "percent_covered": 100.0, "percent_covered_display": "100", "missing_lines": 0, "excluded_lines": 0}, "missing_lines": [], "excluded_lines": []}, "GitCommitLock._handle_existing_lock": {"executed_lines": [191, 194, 195, 196, 204, 205, 206, 209], "summary": {"covered_lines": 8, "num_statements": 8, "percent_covered": 100.0, "percent_covered_display": "100", "missing_lines": 0, "excluded_lines": 0}, "missing_lines": [], "excluded_lines": []}, "GitCommitLock._remove_stale_lock": {"executed_lines": [213, 214, 215, 216, 217, 218, 219, 220], "summary": {"covered_lines": 8, "num_statements": 8, "percent_covered": 100.0, "percent_covered_display": "100", "missing_lines": 0, "excluded_lines": 0}, "missing_lines": [], "excluded_lines": []}, "GitCommitLock._wait_for_lock": {"executed_lines": [233, 236, 237, 240, 245, 246], "summary": {"covered_lines": 6, "num_statements": 6, "percent_covered": 100.0, "percent_covered_display": "100", "missing_lines": 0, "excluded_lines": 0}, "missing_lines": [], "excluded_lines": []}, "GitCommitLock._try_create_lock": {"executed_lines": [254, 255, 256, 257, 263, 264, 265, 266], "summary": {"covered_lines": 8, "num_statements": 9, "percent_covered": 88.88888888888889, "percent_covered_display": "89", "missing_lines": 1, "excluded_lines": 0}, "missing_lines": [272], "excluded_lines": []}, "GitCommitLock._cancelled_result": {"executed_lines": [276], "summary": {"covered_lines": 1, "num_statements": 1, "percent_covered": 100.0, "percent_covered_display": "100", "missing_lines": 0, "excluded_lines": 0}, "missing_lines": [], "excluded_lines": []}, "GitCommitLock._timeout_result": {"executed_lines": [288], "summary": {"covered_lines": 1, "num_statements": 1, "percent_covered": 100.0, "percent_covered_display": "100", "missing_lines": 0, "excluded_lines": 0}, "missing_lines": [], "excluded_lines": []}, "GitCommitLock.force_acquire": {"executed_lines": [307, 313, 314, 315, 316, 317, 324, 325, 326, 327, 332, 333], "summary": {"covered_lines": 12, "num_statements": 12, "percent_covered": 100.0, "percent_covered_display": "100", "missing_lines": 0, "excluded_lines": 0}, "missing_lines": [], "excluded_lines": []}, "GitCommitLock.release": {"executed_lines": [348, 349, 350, 352, 353, 354, 355, 360, 361, 362, 363, 365], "summary": {"covered_lines": 12, "num_statements": 12, "percent_covered": 100.0, "percent_covered_display": "100", "missing_lines": 0, "excluded_lines": 0}, "missing_lines": [], "excluded_lines": []}, "GitCommitLock.is_stale": {"executed_lines": [377, 378, 380, 381, 382, 383, 386, 387, 388, 390, 391, 393, 396, 397, 398, 400, 402, 403, 404, 405, 406, 407, 408, 410, 411, 412, 414, 415], "summary": {"covered_lines": 28, "num_statements": 28, "percent_covered": 100.0, "percent_covered_display": "100", "missing_lines": 0, "excluded_lines": 0}, "missing_lines": [], "excluded_lines": []}, "GitCommitLock.get_lock_info": {"executed_lines": [423, 424, 426, 427, 428, 430, 431, 432, 433, 434, 436, 437, 438, 439, 440, 442, 444, 446, 447], "summary": {"covered_lines": 19, "num_statements": 19, "percent_covered": 100.0, "percent_covered_display": "100", "missing_lines": 0, "excluded_lines": 0}, "missing_lines": [], "excluded_lines": []}, "GitCommitLock.cancel_wait": {"executed_lines": [451], "summary": {"covered_lines": 1, "num_statements": 1, "percent_covered": 100.0, "percent_covered_display": "100", "missing_lines": 0, "excluded_lines": 0}, "missing_lines": [], "excluded_lines": []}, "GitCommitLock._create_lock_file": {"executed_lines": [464, 467, 470, 476, 477, 478, 479, 481, 482, 483, 484, 485, 487], "summary": {"covered_lines": 13, "num_statements": 13, "percent_covered": 100.0, "percent_covered_display": "100", "missing_lines": 0, "excluded_lines": 0}, "missing_lines": [], "excluded_lines": []}, "GitCommitLock._create_lock_content": {"executed_lines": [495], "summary": {"covered_lines": 1, "num_statements": 1, "percent_covered": 100.0, "percent_covered_display": "100", "missing_lines": 0, "excluded_lines": 0}, "missing_lines": [], "excluded_lines": []}, "GitCommitLock._process_exists": {"executed_lines": [511, 512, 513, 514, 515], "summary": {"covered_lines": 5, "num_statements": 5, "percent_covered": 100.0, "percent_covered_display": "100", "missing_lines": 0, "excluded_lines": 0}, "missing_lines": [], "excluded_lines": []}, "GitCommitLock._check_and_report_progress": {"executed_lines": [532, 533, 536, 537, 538, 539, 540, 545, 547], "summary": {"covered_lines": 9, "num_statements": 9, "percent_covered": 100.0, "percent_covered_display": "100", "missing_lines": 0, "excluded_lines": 0}, "missing_lines": [], "excluded_lines": []}, "GitCommitLock.__enter__": {"executed_lines": [551, 552, 553, 556], "summary": {"covered_lines": 4, "num_statements": 4, "percent_covered": 100.0, "percent_covered_display": "100", "missing_lines": 0, "excluded_lines": 0}, "missing_lines": [], "excluded_lines": []}, "GitCommitLock.__exit__": {"executed_lines": [560, 561], "summary": {"covered_lines": 2, "num_statements": 2, "percent_covered": 100.0, "percent_covered_display": "100", "missing_lines": 0, "excluded_lines": 0}, "missing_lines": [], "excluded_lines": []}, "main": {"executed_lines": [566, 569, 574, 579, 584, 590, 596, 599, 600, 603, 604, 606, 607, 609, 612, 617, 628, 630, 631, 632, 633, 634, 639, 640, 641, 643, 644, 645, 647], "summary": {"covered_lines": 29, "num_statements": 33, "percent_covered": 87.87878787878788, "percent_covered_display": "88", "missing_lines": 4, "excluded_lines": 0}, "missing_lines": [610, 635, 636, 637], "excluded_lines": []},