{"meta": {"format": 3, "version": "7.10.6", "timestamp": "2025-12-08T06:59:59.120643", "branch_coverage": false, "show_contexts": false}, "files": {"installer/models/__init__.py": {"executed_lines": [1, 18, 31, 32, 36, 37, 38, 40, 41, 42, 46, 47, 50, 51, 52, 53, 54, 55, 56, 57, 58, 59, 60, 61, 62, 65, 66, 67, 68, 69, 70, 75], "summary": {"covered_lines": 31, "num_statements": 33, "percent_covered": 93.93939393939394, "percent_covered_display": "93.94", "missing_lines": 2, "excluded_lines": 0}, "missing_lines": [71, 73], "excluded_lines": [], "functions": {"": {"executed_lines": [1, 18, 31, 32, 36, 37, 38, 40, 41, 42, 46, 47, 50, 51, 52, 53, 54, 55, 56, 57, 58, 59, 60, 61, 62, 65, 66, 67, 68, 69, 70, 75], "summary": {"covered_lines": 31, "num_statements": 33, "percent_covered": 93.93939393939394, "percent_covered_display": "93.94", "missing_lines": 2, "excluded_lines": 0}, "missing_lines": [71, 73], "excluded_lines": []}}, "classes": {"": {"executed_lines": [1, 18, 31, 32, 36, 37, 38, 40, 41, 42, 46, 47, 50, 51, 52, 53, 54, 55, 56, 57, 58, 59, 60, 61, 62, 65, 66, 67, 68, 69, 70, 75], "summary": {"covered_lines": 31, "num_statements": 33, "percent_covered": 93.93939393939394, "percent_covered_display": "93.94", "missing_lines": 2, "excluded_lines": 0}, "missing_lines": [71, 73], "excluded_lines": []}}}, "installer/models/fix_models.py": {"executed_lines": [1, 8, 9, 10, 13, 14, 15, 16, 17, 18, 21, 22, 23, 24, 25, 26, 29, 30, 31, 32, 33, 34, 37, 38, 39, 40, 41, 42, 43, 46, 47, 48, 49, 50, 51, 52, 55, 56, 57, 58, 59, 60, 61, 62, 63, 66, 67, 68, 69, 70, 71, 72, 73, 74, 75, 76, 77, 78, 80, 96, 97, 98, 99, 100, 101, 102, 103], "summary": {"covered_lines": 58, "num_statements": 64, "percent_covered": 90.625, "percent_covered_display": "90.62", "missing_lines": 6, "excluded_lines": 0}, "missing_lines": [82, 89, 90, 91, 92, 93], "excluded_lines": [], "functions": {"RepairReport.__str__": {"executed_lines": [], "summary": {"covered_lines": 0, "num_statements": 6, "percent_covered": 0.0, "percent_covered_display": "0.00", "missing_lines": 6, "excluded_lines": 0}, "missing_lines": [82, 89, 90, 91, 92, 93], "excluded_lines": []}, "": {"executed_lines": [1, 8, 9, 10, 13, 14, 15, 16, 17, 18, 21, 22, 23, 24, 25, 26, 29, 30, 31, 32, 33, 34, 37, 38, 39, 40, 41, 42, 43, 46, 47, 48, 49, 50, 51, 52, 55, 56, 57, 58, 59, 60, 61, 62, 63, 66, 67, 68, 69, 70, 71, 72, 73, 74, 75, 76, 77, 78, 80, 96, 97, 98, 99, 100, 101, 102, 103], "summary": {"covered_lines": 58, "num_statements": 58, "percent_covered": 100.0, "percent_covered_display": "100.00", "missing_lines": 0, "excluded_lines": 0}, "missing_lines": [], "excluded_lines": []}}, "classes": {"IssueType": {"executed_lines": [], "summary": {"covered_lines": 0, "num_statements": 0, "percent_covered": 100.0, "percent_covered_display": "100.00", "missing_lines": 0, "excluded_lines": 0}, "missing_lines": [], "excluded_lines": []}, "IssueSeverity": {"executed_lines": [], "summary": {"covered_lines": 0, "num_statements": 0, "percent_covered": 100.0, "percent_covered_display": "100.00", "missing_lines": 0, "excluded_lines": 0}, "missing_lines": [], "excluded_lines": []}, "UserChoice": {"executed_lines": [], "summary": {"covered_lines": 0, "num_statements": 0, "percent_covered": 100.0, "percent_covered_display": "100.00", "missing_lines": 0, "excluded_lines": 0}, "missing_lines": [], "excluded_lines": []}, "FileEntry": {"executed_lines": [], "summary": {"covered_lines": 0, "num_statements": 0, "percent_covered": 100.0, "percent_covered_display": "100.00", "missing_lines": 0, "excluded_lines": 0}, "missing_lines": [], "excluded_lines": []}, "InstallManifest": {"executed_lines": [], "summary": {"covered_lines": 0, "num_statements": 0, "percent_covered": 100.0, "percent_covered_display": "100.00", "missing_lines": 0, "excluded_lines": 0}, "missing_lines": [], "excluded_lines": []}, "ValidationIssue": {"executed_lines": [], "summary": {"covered_lines": 0, "num_statements": 0, "percent_covered": 100.0, "percent_covered_display": "100.00", "missing_lines": 0, "excluded_lines": 0}, "missing_lines": [], "excluded_lines": []}, "RepairReport": {"executed_lines": [], "summary": {"covered_lines": 0, "num_statements": 6, "percent_covered": 0.0, "percent_covered_display": "0.00", "missing_lines": 6, "excluded_lines": 0}, "missing_lines": [82, 89, 90, 91, 92, 93], "excluded_lines": []}, "FixResult": {"executed_lines": [], "summary": {"covered_lines": 0, "num_statements": 0, "percent_covered": 100.0, "percent_covered_display": "100.00", "missing_lines": 0, "excluded_lines": 0}, "missing_lines": [], "excluded_lines": []}, "": {"executed_lines": [1, 8, 9, 10, 13, 14, 15, 16, 17, 18, 21, 22, 23, 24, 25, 26, 29, 30, 31, 32, 33, 34, 37, 38, 39, 40, 41, 42, 43, 46, 47, 48, 49, 50, 51, 52, 55, 56, 57, 58, 59, 60, 61, 62, 63, 66, 67, 68, 69, 70, 71, 72, 73, 74, 75, 76, 77, 78, 80, 96, 97, 98, 99, 100, 101, 102, 103], "summary": {"covered_lines": 58, "num_statements": 58, "percent_covered": 100.0, "percent_covered_display": "100.00", "missing_lines": 0, "excluded_lines": 0}, "missing_lines": [], "excluded_lines": []}}}}, "totals": {"covered_lines": 89, "num_statements": 97, "percent_covered": 91.75257731958763, "percent_covered_display": "91.75", "missing_lines": 8, "excluded_lines": 0}}