{"meta": {"format": 3, "version": "7.10.6", "timestamp": "2025-11-18T08:43:34.599607", "branch_coverage": false, "show_contexts": false}, "files": {"devforgeai/auditors/__init__.py": {"executed_lines": [1, 7, 15], "summary": {"covered_lines": 2, "num_statements": 2, "percent_covered": 100.0, "percent_covered_display": "100", "missing_lines": 0, "excluded_lines": 0}, "missing_lines": [], "excluded_lines": [], "functions": {"": {"executed_lines": [1, 7, 15], "summary": {"covered_lines": 2, "num_statements": 2, "percent_covered": 100.0, "percent_covered_display": "100", "missing_lines": 0, "excluded_lines": 0}, "missing_lines": [], "excluded_lines": []}}, "classes": {"": {"executed_lines": [1, 7, 15], "summary": {"covered_lines": 2, "num_statements": 2, "percent_covered": 100.0, "percent_covered_display": "100", "missing_lines": 0, "excluded_lines": 0}, "missing_lines": [], "excluded_lines": []}}}, "devforgeai/auditors/pattern_compliance_auditor.py": {"executed_lines": [1, 9, 10, 11, 12, 15, 16, 17, 18, 19, 20, 21, 22, 25, 26, 27, 28, 29, 30, 33, 34, 35, 36, 37, 40, 41, 42, 43, 44, 45, 46, 47, 50, 51, 53, 54, 56, 58, 60, 73, 90, 97, 98, 101, 102, 105, 106, 109, 110, 112, 114, 116, 117, 120, 121, 123, 126, 127, 136, 137, 145, 147, 160, 161, 162, 165, 186, 187, 188, 196, 198, 204, 205, 207, 210, 214, 215, 217, 219, 221, 228, 236, 237, 239, 240, 241, 242, 245, 246, 248, 257, 258, 259, 262, 263, 264, 266, 268, 276, 277, 280, 281, 283, 285, 287, 289, 291, 293, 295, 297, 299, 300, 301, 302, 304, 306, 309, 324, 325, 327, 329, 330, 331, 332, 334, 336, 345, 347, 349, 350, 351, 352, 353, 354, 356, 358, 360, 362, 363, 364, 365, 366, 367, 369, 371, 373, 388, 389, 391, 392, 394, 395, 399, 402, 405, 407, 411, 417, 419, 427, 429, 430, 431, 432, 434, 443, 444, 448, 450, 452, 453, 455, 456, 457, 458, 459, 461, 463, 465, 466, 468, 469, 470, 471, 473, 475, 494, 495, 496, 498, 508, 510, 511, 512, 513, 515, 516, 517, 519, 525, 527, 528, 530, 531, 533, 541, 543, 544, 546, 565, 567, 573, 580, 588, 593, 595, 596, 597, 598, 599, 601, 602, 603, 604, 605, 607, 609, 617, 619, 620, 621, 622, 623, 625, 626, 636, 637, 639, 641, 647, 648, 651, 679, 680, 681, 683, 685, 687, 690, 691, 693, 700], "summary": {"covered_lines": 245, "num_statements": 254, "percent_covered": 96.45669291338582, "percent_covered_display": "96", "missing_lines": 9, "excluded_lines": 0}, "missing_lines": [211, 413, 589, 590, 695, 696, 697, 698, 702], "excluded_lines": [], "functions": {"PatternComplianceAuditor.__init__": {"executed_lines": [58], "summary": {"covered_lines": 1, "num_statements": 1, "percent_covered": 100.0, "percent_covered_display": "100", "missing_lines": 0, "excluded_lines": 0}, "missing_lines": [], "excluded_lines": []}, "PatternComplianceAuditor._compile_patterns": {"executed_lines": [73], "summary": {"covered_lines": 1, "num_statements": 1, "percent_covered": 100.0, "percent_covered_display": "100", "missing_lines": 0, "excluded_lines": 0}, "missing_lines": [], "excluded_lines": []}, "PatternComplianceAuditor.detect_violations": {"executed_lines": [97, 98, 101, 102, 105, 106, 109, 110], "summary": {"covered_lines": 8, "num_statements": 8, "percent_covered": 100.0, "percent_covered_display": "100", "missing_lines": 0, "excluded_lines": 0}, "missing_lines": [], "excluded_lines": []}, "PatternComplianceAuditor._detect_yaml_violations": {"executed_lines": [114, 116, 117, 120, 121, 123, 126, 127, 136, 137, 145], "summary": {"covered_lines": 11, "num_statements": 11, "percent_covered": 100.0, "percent_covered_display": "100", "missing_lines": 0, "excluded_lines": 0}, "missing_lines": [], "excluded_lines": []}, "PatternComplianceAuditor._detect_line_violations": {"executed_lines": [160, 161, 162, 165, 186, 187, 188, 196], "summary": {"covered_lines": 8, "num_statements": 8, "percent_covered": 100.0, "percent_covered_display": "100", "missing_lines": 0, "excluded_lines": 0}, "missing_lines": [], "excluded_lines": []}, "PatternComplianceAuditor._is_direct_subagent_bypass": {"executed_lines": [204, 205, 207, 210, 214, 215, 217], "summary": {"covered_lines": 7, "num_statements": 8, "percent_covered": 87.5, "percent_covered_display": "88", "missing_lines": 1, "excluded_lines": 0}, "missing_lines": [211], "excluded_lines": []}, "PatternComplianceAuditor._is_business_logic": {"executed_lines": [221], "summary": {"covered_lines": 1, "num_statements": 1, "percent_covered": 100.0, "percent_covered_display": "100", "missing_lines": 0, "excluded_lines": 0}, "missing_lines": [], "excluded_lines": []}, "PatternComplianceAuditor._is_decision_making": {"executed_lines": [236, 237, 239, 240, 241, 242, 245, 246], "summary": {"covered_lines": 8, "num_statements": 8, "percent_covered": 100.0, "percent_covered_display": "100", "missing_lines": 0, "excluded_lines": 0}, "missing_lines": [], "excluded_lines": []}, "PatternComplianceAuditor._is_template": {"executed_lines": [257, 258, 259, 262, 263, 264, 266], "summary": {"covered_lines": 7, "num_statements": 7, "percent_covered": 100.0, "percent_covered_display": "100", "missing_lines": 0, "excluded_lines": 0}, "missing_lines": [], "excluded_lines": []}, "PatternComplianceAuditor._is_parsing": {"executed_lines": [276, 277, 280, 281, 283], "summary": {"covered_lines": 5, "num_statements": 5, "percent_covered": 100.0, "percent_covered_display": "100", "missing_lines": 0, "excluded_lines": 0}, "missing_lines": [], "excluded_lines": []}, "PatternComplianceAuditor._has_read_operation": {"executed_lines": [287], "summary": {"covered_lines": 1, "num_statements": 1, "percent_covered": 100.0, "percent_covered_display": "100", "missing_lines": 0, "excluded_lines": 0}, "missing_lines": [], "excluded_lines": []}, "PatternComplianceAuditor._has_parse_operation": {"executed_lines": [291], "summary": {"covered_lines": 1, "num_statements": 1, "percent_covered": 100.0, "percent_covered_display": "100", "missing_lines": 0, "excluded_lines": 0}, "missing_lines": [], "excluded_lines": []}, "PatternComplianceAuditor._has_data_format": {"executed_lines": [295], "summary": {"covered_lines": 1, "num_statements": 1, "percent_covered": 100.0, "percent_covered_display": "100", "missing_lines": 0, "excluded_lines": 0}, "missing_lines": [], "excluded_lines": []}, "PatternComplianceAuditor._has_parse_operation_nearby": {"executed_lines": [299, 300, 301, 302], "summary": {"covered_lines": 4, "num_statements": 4, "percent_covered": 100.0, "percent_covered_display": "100", "missing_lines": 0, "excluded_lines": 0}, "missing_lines": [], "excluded_lines": []}, "PatternComplianceAuditor._is_error_recovery": {"executed_lines": [306], "summary": {"covered_lines": 1, "num_statements": 1, "percent_covered": 100.0, "percent_covered_display": "100", "missing_lines": 0, "excluded_lines": 0}, "missing_lines": [], "excluded_lines": []}, "PatternComplianceAuditor.classify_budget": {"executed_lines": [324, 325], "summary": {"covered_lines": 2, "num_statements": 2, "percent_covered": 100.0, "percent_covered_display": "100", "missing_lines": 0, "excluded_lines": 0}, "missing_lines": [], "excluded_lines": []}, "PatternComplianceAuditor._classify_by_char_count": {"executed_lines": [329, 330, 331, 332, 334], "summary": {"covered_lines": 5, "num_statements": 5, "percent_covered": 100.0, "percent_covered_display": "100", "missing_lines": 0, "excluded_lines": 0}, "missing_lines": [], "excluded_lines": []}, "PatternComplianceAuditor.calculate_budget_percentage": {"executed_lines": [345], "summary": {"covered_lines": 1, "num_statements": 1, "percent_covered": 100.0, "percent_covered_display": "100", "missing_lines": 0, "excluded_lines": 0}, "missing_lines": [], "excluded_lines": []}, "PatternComplianceAuditor.group_by_type": {"executed_lines": [349, 350, 351, 352, 353, 354], "summary": {"covered_lines": 6, "num_statements": 6, "percent_covered": 100.0, "percent_covered_display": "100", "missing_lines": 0, "excluded_lines": 0}, "missing_lines": [], "excluded_lines": []},